month_num,group,perecnt_complete,percent_complete
3,Non-Pilot,0.8246753246753247,NA
4,Non-Pilot,0.8210573881608676,NA
5,Non-Pilot,0.8104872006606111,NA
3,Other,NA,0.8246753246753247
4,Other,NA,0.8210573881608676
5,Other,NA,0.8104872006606111
